market_date,text
2020-05-01,are you binge watching shows on quibi despite its $2bn budget the streaming platform is surprisingly unpopular
2020-05-01,in the latest behind the money podcast we talk about how the us government s small business bailout programme has had problems from the start with complaints that large companies were getting the money promised to smaller ones
2020-05-01,the us coronavirus death toll increased by more than 2 000 for the third straight day boeing will not seek government funding and south korea suffered its first trade deficit in eight years follow our live coverage
2020-05-01,when pressed on what had given him the confidence to claim that covid 19 originated from a scientific laboratory in wuhan donald trump said i m not allowed to tell you that
2020-05-01,keeping amazon workers healthy and products moving could cost $4bn or more wiping out any jump in sales the ecommerce company warned as its stock closed thursday at an all time high
2020-05-01,it s the question on everyone s mind when and how will lockdowns end readers had the opportunity on thursday to ask ft journalists here are the highlights
2020-05-01,
2020-05-01,coronavirus is killing black caribbean people at almost three times the rate of white people in england s hospitals and not because as in the us the victims live in areas where the virus was most prevalent
2020-05-01,boris johnson pledged to reveal a road map next week for britain to leave coronavirus lockdown but warned that he would not lift restrictions too soon and risk a second spike of infections
2020-05-01,royal bank of scotland s bad debt provisions increased almost tenfold to 802m in the first quarter as the bank braced for the fallout of the coronavirus pandemic
2020-05-01,european farmers are facing butter and beef mountains and wine and milk lakes as coronavirus devastates demand they re asking their neighbours to help by filling their plates
2020-05-01,the payments group had predicted vindication from a special audit it did not arrive
2020-05-01,federal reserve chairman jay powell dispelled investors hopes for a quick economic rebound from the coronavirus crisis the chances are that it won t go right back to where we were
2020-05-01,outbreak of coronavirus and the collapse of economic growth for the first time in decades had dashed the communist party s hopes of declaring victory by the end of this year says economists
2020-05-01,how close is the uk to easing coronavirus lockdown
2020-05-01,boris johnson s government is set to issue detailed workplace by workplace guidance on how britain can safely go back to work as the prime minister prepares to announce that coronavirus is being contained
2020-05-01,norway will slash oil output by 13% the first time that western europe s largest crude producer had reduced production in 18 years
2020-05-01,as a result of the wework losses softbank said it now expects a net loss of 900bn for the fiscal year
2020-05-01,as coronavirus has swept across the us it has also ravaged the country s healthcare system the us spends far more on healthcare than any other country $3 6tn a year more than 17% of its gdp
2020-05-01,autocrats are not immune to the coronavirus writes philip stephens the ft s chief political commentator xi jinping and vladimir putin have proven to be the biggest losers from the pandemic
2020-05-01,police in hong kong cited social distancing laws to break up pro democracy protests on two consecutive days this week as the easing of coronavirus restrictions raised the prospect of renewed demonstrations
2020-05-01,lg display posted a record loss for the fiscal year while samsung electronics plans to pull out of the large lcd panel business entirely
2020-05-01,the slump in energy demand this year will be far greater than the impact of the financial crisis leading to seven times as much demand destruction
2020-05-01,the diplomatic skirmish between beijing and canberra comes as tensions grow between china and western nations
2020-05-01,discovered something new returned to an old favourite looking for a recommendation join ft film critic danny leigh for a live q amp a on the films to watch in lockdown at 12pm and 5pm on may 1
2020-05-01,what are the latest figures the worldwide daily death toll rose by 5 801 on thursday bringing the total to 214 436
2020-05-01,the word of the ruling family holds more weight than science for now america must live with government of the trumps by the trumps and for the trumps edward luce writes
2020-05-01,keeping people one metre apart at entrances and exits and toilet areas is impossible we would reduce capacity by around 60% to 70% said tobias jackson operations director of adventure bar a 10 strong london chain
2020-05-01,tim harford the virus has taught us that our way of life is more vulnerable than we might hope it has taught us the importance of making sacrifices now to prepare for predictable risks in the future
2020-05-01,the european central bank s chief economist has warned it is likely to take at least three years for the eurozone economy to fully recover from the extraordinary and severe shock of the coronavirus pandemic
2020-05-01,rt lots of movie chat going on today with ft film critic danny leigh and he s doing another round of the same live q amp a at 5p
2020-05-01,illustration of the week the sharpest drop in us gdp since 2008 is threatening to unravel donald trump s re election plans the us president is hoping that the economy will bounce back sharply when the pandemic is contained in time for the 2020 election
2020-05-01,rt sweden rather than seeing its economy hold up far better at the cost of more deaths it is in the same economic boat as the
2020-05-02,just published front page of ft weekend uk edition saturday 2 may
2020-05-02,what is the r number it s become the most watched indicator of governments success in suppressing coronavirus outbreaks and when to ease social distancing measures
2020-05-02,could twin peaks be the perfect lockdown tv
2020-05-02,life after lockdown welcome to the empty chair economy
2020-05-02,as well as being a virus safe haven new zealand may be the ideal place to do business says simon kuper
2020-05-02,biggest us energy groups lay out oil crash strategy
2020-05-02,want to ride alongside chris froome this could be your best chance
2020-05-02,the covid 19 pandemic has ushered in a reckoning for the 2 2tn fashion and luxury industries much of it around sustainability and fashion s lack thereof what will emerge
2020-05-02,murdochs hire us television news veteran for uk video push
2020-05-02,new podcast this week asks how is culture adapting to quarantine plus the ft s film critic talks about the future of movies and which little known films we should all be watching now listen amp subscribe
2020-05-02,rt the belgian trade association belgapom is urging people to eat an extra portion of fries a week to reduce its 750 000 tonne
2020-05-02,what are the latest figures
2020-05-02,italy s corporate reopening stirs fears over more deaths
2020-05-02,how an unproven drug became a bellwether for global stocks
2020-05-02,how do i make the most of leftovers
2020-05-03,no time to sift through hundreds of online workouts no problem the ft s resident in shape person tested loads and found three online hiit classes for a serious sweat at home
2020-05-03,lebanon gripped by prime minister s feud with bank governor
2020-05-03,china tourism numbers bounce back during labour day holiday
2020-05-03,we re proud to join news media around the world to support a free and vital press on worldpressfreedomday
2020-05-03,allegations of doctored films fuel concerns about beijing propaganda
2020-05-03,el salvador wields heavy hand to contain murder rate
2020-05-03,online criminals thrive on pandemic and weak policing eu commissioner warns
2020-05-03,after lockdowns economic sunlight or a long hard slog
2020-05-03,russia s covid 19 cases surge as fears over extent of outbreak grow
2020-05-03,you can now access our free coronavirus content on telegram the financial times has just launched a channel on the chat app to update you on the best of our content about the outbreak click on this article and sign up
2020-05-03,after five weeks in lockdown i could probably shed a few pounds just by cutting my hair robert shrimsley fills us in on his custom made lockdown diet
2020-05-03,us options exchanges prepare to reopen trading floors
2020-05-03,us jobs data boe meeting ecb bond ruling
2020-05-03,basketball tech used to fight covid 19 on factory floor
2020-05-04,just published front page of the financial times international edition monday may 4
2020-05-04,just published front page of the financial times uk edition monday may 4
2020-05-04,run on toilets leaves japanese lavatory makers flush with orders
2020-05-04,india cracks down on muslims under cover of coronavirus
2020-05-04,us looks to exploit anger over beijing s south china sea ambitions
2020-05-04,although china s pharmaceutical industry has matured in recent years it is still better at incremental innovation than major breakthroughs
2020-05-04,the early weeks of japan s coronavirus outbreak triggered twin bouts of panic buying one of toilet paper and another on toilets themselves
2020-05-04,rana foroohar if economists are going to help solve the world s biggest problems from pandemics and climate change to deglobalisation and inequality they must think outside the box
2020-05-04,the ft view the worldwide lockdown of economic activity inflicts most pain on those who can afford it the least
2020-05-04,china has continued to assert its dominance in the south china sea even as its rival claimants have focused on the health crisis their harassment has not served them well a us diplomat in the region said
2020-05-04,do mbas have a place in a post pandemic world join the ft s jonathan moules for a live q amp a on may 4 at 12pm and 5pm uk time
2020-05-04,kmpg was lauded for the speed with which nhs nightingale hospitals such as the one at the excel centre in london were set up but questions have since arisen on the transparency of the contract
2020-05-04,in the space of two months covid 19 has laid waste to both putin s political agenda and the economic model that underpins his regime turning 2020 from a year scripted to usher in another decade of his rule into one that could undermine his supremacy
2020-05-04,head to head two experts debate the long term impact on inflation of the covid 19 rescue packages
2020-05-04,spain is heading for a political confrontation over its harsh lockdown as the country s daily coronavirus death toll remains at virtually its lowest point since the measure was imposed over seven weeks ago
2020-05-04,leading in a crisis retail boss james timpson once visited dozens of timpson stores each week now he sits in his home in north west england trying to work out how 5 400 employees and more than 2 100 stores will reactivate after the pandemic
2020-05-04,free to read coronavirus daily death tolls are now at their peak or falling in many western countries follow the latest figures here
2020-05-04,j crew a fashion group known for its preppy style has filed for bankruptcy it s the first major us retailer to be pushed over the edge by the coronavirus pandemic
2020-05-04,ge is cutting another 10 000 aviation jobs around the world as it prepares for an 80% slump in air traffic in the second quarter
2020-05-04,mortgage rates in the us hit an all time low last week but they should be even lower
2020-05-04,in the new covid 19 world we cannot continue to spend 20% of government revenues or more on debt payments as some creditors have effectively asked it is simply impossible says argentina s minister of economy martín guzmán in an ft opinion piece
2020-05-05,just published front page of the financial times international edition tuesday 5 may
2020-05-05,us begins national security probe of electrical grid imports
2020-05-05,coronavirus latest ny fed study links spanish flu to extremism
2020-05-05,japan s health system exposed as empty hospitals reject covid 19 patients
2020-05-05,india lifts alcohol ban to ease coronavirus funds crunch
2020-05-05,adam neumann s lawsuit accused softbank of abusing its power to escape an agreement to buy back $3bn of stock from him and other early investors in wework
2020-05-05,rt former rbs chief ross mcewan aims to steer nab through coronavirus signals it should be a walk in the park compared to hi
2020-05-05,in a february test of 250 electrical goods toys cosmetics and other products from amazon aliexpress and ebay two thirds failed eu safety laws
2020-05-05,the uk unveilled its new nhs contact tracing app even as its developer warned it is not a silver bullet to britain s coronavirus outbreak
2020-05-05,ft exclusive stefan sommer volkswagen s board member for procurement told ft that the cost of crucial components has risen sharply because of coronavirus piling on pressure as the industry enters deep recession
2020-05-05,we re seeing just how fragile the world is in this pandemic and awareness of fragility is a very important thing in shaping human behaviour lord browne says people who have spent months worrying about their lungs are more likely to want clean air
2020-05-05,investment strategist kiril sokoloff called the world s major shifts from the growth of post tiananmen china to the rise of the tech sector and got rich doing so now he s got a warning for policymakers dealing with the economic fallout from covid 19
2020-05-05,ft big read in two months covid 19 has laid waste to both vladimir putin s political agenda and economic model turning 2020 from a year scripted to usher in another decade of his rule into one that could undermine it
2020-05-05,even before the lockdown the travel industry was reeling from a year in which setbacks were heaped on challenges so much so that it was already starting to look like the end of an era
2020-05-05,us and european banks are on track to book more than $50bn of charges on souring loans in the first quarter the biggest such provisions since the 2008 09 financial crisis
2020-05-05,why three chinese consumer tech giants could go public within the next year or so
2020-05-05,boris johnson s plan to ease britain s lockdown in the coming weeks will contain advice for companies to separate employees by 2 metres with floor tape while staff will be told to avoid sharing pens
2020-05-05,recently kiril sokoloff has been trying to make the financial elite see the dangers of seeking to solve the problems of debt with more debt the topic is timelier than ever
2020-05-05,wolfgang münchau don t blame german judges if they say no to ecb asset purchases
2020-05-05,curious about where your country s outbreak stands the ft s new interactive coronavirus tracker allows you to compare the numbers and trajectories of outbreaks around the world find out more here
2020-05-05,only 35% of britons according to an ipsos mori poll on may 1 would feel uncomfortable going back to work
2020-05-05,the practice of ramadan is to reflect on those less fortunate than you and to think about the things that you have gratitude for in a way covid 19 has been a bit of a run up to ramadan because all of society has been doing it asad dhunna writes
2020-05-05,venezuela s president nicolás maduro said two former us soldiers who he called members of donald trump s security were in custody after trying to come ashore in a motor boat in an alleged plot to assassinate him
2020-05-05,martin wolf rising debt matters because the economy becomes increasingly driven by finance and fragile as borrowers become ever more overburdened in the us you see inequality grow throughout the years as the rich save more and the poor borrow more
2020-05-06,the uk s death toll from the coronavirus has officially surpassed italy s to become the worst hit country in europe
2020-05-06,a french patient who fell ill in december was found to have tested positive for covid 19 indicating that the disease may have reached europe weeks earlier than previously thought
2020-05-06,california is suing uber and lyft in the most aggressive move yet to force the rideshare giants to reclassify their drivers as employees
2020-05-06,on the same day that scientists called for an end to handshakes boris johnson declared i m shaking hands continuously
2020-05-06,an undercover fbi agent posing as a bank employee helped to unearth an alleged $550 000 scheme
2020-05-06,disney sets out $1 4bn hit from coronavirus crisis
2020-05-06,hello hong kong while you were sleeping this was one of our most read stories
2020-05-06,us regulator clears abbvie s $63bn deal for allergan
2020-05-06,coronavirus latest us death toll jumps after rise in fatalities outside new york
2020-05-06,the us suffered its third highest daily death toll from coronavirus more than 5% of singapore s foreign workers in dormitories tested positive and amazon announced the death of an employee in new york from covid 19 follow our live coverage here
2020-05-06,the federal trade commission has given the go ahead for us drugmaker abbvie s $63bn purchase of botox maker allergan
2020-05-06,neil ferguson who leads the imperial college london covid 19 response team has resigned from the uk s top science advisory team after breaking social distancing rules
2020-05-06,the ft s james sandy talks to psychologist rachel allan about how little victories around the house can boost motivation reduce stress and help find meaning during the coronavirus crisis
2020-05-06,we are really scrambling looking for more barn space so that we can safely house these animals until well we don t know how long says julie maschhoff vice president at the maschhoffs a family owned producer which normally sells 4m pigs a year
2020-05-06,what data are collected and what information is sent to the nhs what are the security risks what are the technical limitations find out the answers to these questions and more here
2020-05-06,why not take this opportunity to revisit the whole idea of exam centric assessment and devise an educational programme that prepares young people better for real life and work they are after all going to enter a changed world andrew hill writes
2020-05-06,has your country s epidemic peaked find out here in the live updating and customisable version of the ft s covid 19 trajectory charts
2020-05-06,hello new york while you were sleeping this was our most read story
2020-05-06,boris johnson has said that initial steps to ease the uk s lockdown are going to begin on monday and that he will set out his plan for the second phase of the country s fight against coronavirus in his address to the nation on sunday
2020-05-06,the pandemic has proven to be a true test of the sustainability of department stores in the us malls have shut consumer spending has flatlined with sales at department stores down a staggering 23% in march from a year prior can they ever recover
2020-05-06,rt the us entered the pandemic in a brief spirit of equality it is exiting the lockdown more unequal than it began my col
2020-05-06,britain s economy will suffer a significant decline in the first half of the year the office for national statistics has warned as it tries to focus on getting the measures of gdp inflation and unemployment as accurate as possible through the downturn
2020-05-06,new york has become the epicentre of the coronavirus crisis our ny correspondent joshua chaffin will be live on instagram to chat about the state s political response to the pandemic join us this thursday may 7 at 3pm est 8pm bst
2020-05-06,opinion easing lockdowns in the us poses two dangers most states still have rising or flat rates of covid 19 infection and workers who don t show up for work risk losing their current income whether that is wages or unemployment benefits
2020-05-07,the ft view while the coronavirus is much more deadly to the elderly it is the young who could bear the brunt of the economic damage for decades
2020-05-07,us stocks dipped into the red on wednesday as investors weighed the prospects of reopening the world s big economies after weeks of lockdown
2020-05-07,uber is shedding14% of its corporate workforce with it blaming the drop in business on covid 19
2020-05-07,covid proof peloton enjoys stay at home fitness boom
2020-05-07,hello hong kong while you were sleeping this was our most read story
2020-05-07,valued at $5 5 billion revolut is currently one of the most promising companies in fintech as coronavirus poses the biggest test revolut has faced in its five years of business its need to mature has become increasingly apparent
2020-05-07,warburg to raise stake in chinese car rental company
2020-05-07,bonus episode of spoke to writer sally rooney in 2018 about her novel normal people now a gripping tv series on the bbc and hulu but what were the origins of the book and what does it have to say about sex class and power
2020-05-07,uber will cut 14% of its corporate workforce taiwan will keep its borders closed and a new study found that us small business loans are not going to the worst hit areas follow our live coronavirus coverage here
2020-05-07,lee jae yong the de facto head of the samsung group has signalled the end of three generations of family control over the south korean technology company
2020-05-07,the ft view countries need to share the burden of funding a vaccine to defeat coronavirus yet already there are signs of vaccine nationalism
2020-05-07,opinion the who certainly needs to change but it should not be defunded now amid a global pandemic rather it needs to reform in four key areas
2020-05-07,peloton shares powered 10% higher in after hours trading on wednesday after the fitness group s chief executive described it as covid proof and recession proof
2020-05-07,after weeks of lockdown some 115m people in china took domestic tourism trips over the may day holiday contributing $6 7bn to tourism revenue
2020-05-07,in an interview with the financial times uk labour leader keir starmer identified the main reason the opposition party lost the december general election the leadership of his predecessor jeremy corbyn
2020-05-07,the uk s initial phase of lockdown relief will allow unlimited exercise sunbathing in parks and some business operations but it will also impose other measures such as wearing face masks and border controls
2020-05-07,ft exclusive keir starmer s election as labour party leader could be a watershed moment in british political history but first he must end an ugly four year civil war in the uk s opposition party in the ft magazine
2020-05-07,now might be the perfect time to teach your young ones some crucial life skills in personal finance lucy warwick ching offers some tips
2020-05-07,good tv whether you consider that tiger king or normal people deserves a snack upgrade achieve optimal snackability with kimchi patatas from
2020-05-07,martin wolf debt creates fragility the question is how to escape from the trap to answer it we need to analyse why today s global economy has become so debt dependent
2020-05-07,has revolut europe s most hyped fintech company really changed into a financial services company with the potential to upend the banking industry
2020-05-07,labour leader keir starmer has claimed that the main reason the party lost the december general election was because of the leadership of his hard left predecessor jeremy corbyn
2020-05-07,the virus has highlighted a gulf of wellbeing between those with ready access to nature via a garden or a park and those without
2020-05-07,hsbc has taken steps to remove the management of singapore based zenrock commodities trading seeking to have the company put under judicial management in the latest blow to the city state s natural resources sector
2020-05-07,as relations deteriorate over the coronavirus the us is weighing up more aggressive economic measures against china
2020-05-07,a possible 14 day quarantine for all arrivals at uk borders will be extended to british citizens although it may not be introduced immediately
2020-05-07,the pre coronavirus city has gone and probably won t return soon the pandemic could change paris even more than most cities simon kuper writes
2020-05-07,just in more than 3m americans filed for first time unemployment benefits last week taking the number of applications since the coronavirus lockdowns began seven weeks ago to 33 5m
2020-05-07,opinion companies are dangerously drunk on debt and it s time to start sobering up
2020-05-07,gillian tett the global ppe shortages reveal a changing geopolitical order with 80% of mask production occurring in china how far should the us rely on the free market to supply these basic goods
2020-05-07,neiman marcus the upscale department store chain has filed for bankruptcy protection becoming the latest retailer to be tipped over the edge by the coronavirus shutdown
2020-05-07,i m now deploying my own custom made weight loss programme which i call the stop eating like a bastard diet
2020-05-07,rana foroohar in this pandemic era my adventures in cleaning have forced me to ponder deeper things like what it really means to do hard physical labour for a living spending decades without healthcare or any real chance for upward mobility
2020-05-07,neiman marcus filed for bankruptcy on thursday becoming the latest retailer to be tipped over by the pandemic read our analysis on how the crisis has proven to be a true test of the sustainability of department stores in the us
2020-05-08,a strong rally in tech stocks on thursday sent the nasdaq into positive territory for the year
2020-05-08,for starmer elected as labour leader just five weeks ago the pandemic has highlighted the need for a radical government the nature of the task has moved on considerably he says
2020-05-08,top us officials said their trade pact with china remained on track despite rising tensions over the spread of the coronavirus follow our live coverage here
2020-05-08,black men and women are respectively 4 2 and 4 3 times more likely to die from coronavirus than their white peers in england and wales according to the office for national statistics
2020-05-08,the nhs has already begun building a second coronavirus contact tracing app which will use technology provided by google and apple following criticism of the first app it launched this week on the isle of wight
2020-05-08,right now it s still a big mystery said isabella eckerle a virologist at the geneva centre for emerging viral diseases we don t know what s going on with the children
2020-05-08,the architect of sweden s controversial coronavirus strategy has argued that by avoiding lockdown the country will see only a small second wave of cases unlike others that could be forced to reimpose restrictions
2020-05-08,jamie powell meat shortages present an opportunity for beyond meat and its competitors such as impossible foods to grab market share
2020-05-08,beijing s strict travel ban intended to prevent a second wave of coronavirus infections has stranded chinese nationals overseas it s like your own mother told you not to come home
2020-05-08,leadership in a crisis gambling boss s bet on a digital future pays off as he completes 10bn merger amid pandemic
2020-05-08,to avoid intergenerational conflict in the workforce navigate misconceptions empathy is crucial provide a range of communication options email video webchat or phone
2020-05-08,arts lovers are going to find this summer unlike any other in living memory so what about next year
2020-05-08,what florence nightingale can teach us about the best ways to map the spread of disease the ft s alan smith speaks to cartographer kenneth field about mapping in the era of covid 19
2020-05-08,it s not just the traditional subjects that are being taught digitally experts say the lockdown is the perfect opportunity to give young people the financial skills they need for life
2020-05-08,how will we weigh the threats when we leave lockdown
2020-05-08,carnival and southwest lead surge in us convertible bond issuance
2020-05-08,free to read from head to foot covid 19 causes a fiendish variety of symptoms that are confounding the scientific community from blood clots to strikes to digestive problems read more about the effort to understand coronavirus here
2020-05-08,the us s trade pact with china remains on track despite rising tensions american officials have said easing fears that the pandemic had upended the two countries fragile economic truce
2020-05-08,rt it was my turn to edit the s long story short newsletter this week read my favourite stories of the last seven days
2020-05-08,the public s fear to go back to a normal routine could undermine efforts to reopen economies leaving the stock market s powerful recovery vulnerable even in places that have partially reopened people still avoid leaving their houses
2020-05-08,the goal was to invade venezuela by sea overthrow the government and fly president nicolás maduro to the us to face justice how did it go so wrong
2020-05-08,lockdowns have left property markets inactive and buyers and sellers stranded sales took a deep dive and where recoveries are under way they are fitful as the west looks to reopen we took a look at the state of property markets around the world
2020-05-09,richard branson is free to sell up to half his stake in virgin galactic potentially raising close to $1 billion
2020-05-09,just published front page of ft weekend uk edition saturday 9 may
2020-05-09,simon kuper nearly 200 000 parisians almost 10 per cent of the city s population fled to second homes or mothers in the countryside lord knows when the exiles will return or whether they can afford to
2020-05-09,just published front page of ft weekend international edition saturday 9 may
2020-05-09,the us unemployment rate surged to 14 7% in april the highest level since the second world war
2020-05-09,apple is planning to reopen some us retail stores next week
2020-05-09,a poem for ve day there is a moment when contradictions cross a split of a moment when history twirls on one toe like a ballerina and all men are really equal and happiness could be impartial for once randall swingler read more
2020-05-09,the uk government is looking at the return of some furloughed workers on a part time basis beyond june
2020-05-09,henry mance it s time to face reality elon musk tesla s chief executive probably isn t going to save humanity he s just living his best life
2020-05-09,as previous recessions have shown it is long term joblessness that is the real danger says retired economics professor richard layard how can governments save pandemic survivors from the scourge of unemployment
2020-05-09,united airlines yanks $2 25bn bond offering
2020-05-09,nature heal me horatio clare on three books about the healing properties of the great outdoors
2020-05-09,argentina misses deadline for debt restructuring deal
2020-05-09,india s lockdown puts squeeze on mango production
2020-05-09,a must have snack for your next movie marathon kimchi patatas topped with sesame seeds a recipe by ravinder bhogal
2020-05-09,will the coronavirus crisis reset our relationship with the great outdoors join writer for a live discussion today at 12pm and again at 5pm uk time post your questions and thoughts in the comments below this story to get involved
2020-05-09,who do you trust when it comes to assessing risk gillian tett considers the great dilemma for states and individuals in the age of coronavirus
2020-05-09,few precedents for grim us jobless numbers
2020-05-09,us lawmakers clash over new stimulus as jobless rate soars
2020-05-09,us on track for worst corporate quarter since financial crisis
2020-05-09,six films to watch this week
2020-05-09,uk quarantine plan poses fresh setback for aviation sector
2020-05-09,carlyle and gic call off amex travel deal
2020-05-10,coronavirus latest us sees decline in positive tests as key global metric eases
2020-05-10,india faces surge in cases as economy forces ease of lockdown
2020-05-10,why i ve had to change my mind about networking
2020-05-10,seoul nightclub cluster raises fears lockdown was eased too soon
2020-05-10,covid 19 is causing unprecedented disruption how can key industries cope how will the world look once the pandemic passes register to ft global boardroom to hear from our world class speakers as they provide key insight during these uncertain times
2020-05-10,how europe splintered over contact tracing apps
2020-05-10,millions of americans to lose insurance as jobless rate soars
2020-05-10,eastern european states sense opportunity in german court ruling
2020-05-10,wall st banks trading risk surges to highest since 2011
2020-05-10,us officials warn jobless rate could top 20%
2020-05-10,jo ellison the importance of streep sondheim and good sound
2020-05-11,imd in switzerland is number one again in the ft s ranking of open enrolment executive business courses which schools are in the top 75
2020-05-11,just published front page of the financial times international edition monday may 11
2020-05-11,robert armstrong i wake up wondering which of us will play the role of the petulant monarch and who the scheming servant
2020-05-11,three children in new york die of virus related condition
2020-05-11,chinese companies rush to exploit global medical equipment shortages
2020-05-11,running out of road rental car groups fight for survival
2020-05-11,france s far west braces for economic fallout from pandemic
2020-05-11,barrick gold on the hunt for copper deals
2020-05-11,in lockdown yandex evolves from russia s google to its amazon
2020-05-11,more than 70% of american voters trust their state s governor more than donald trump to decide when to reopen businesses a new ft poll has shown signalling mounting dissatisfaction with the president s handling of the coronavirus crisis
2020-05-11,the number of confirmed us cases since the pandemic began has risen to 1 32m and the death toll has climbed to 74 270 follow the latest updates in our live blog here
2020-05-11,what does boris johnson s new stay alert message actually mean
2020-05-11,when saudi arabia s crown prince mohammed bin salman unveiled his bold economic reform plan 2020 was supposed to be the year when a first round of key targets were to be met now it threatens to be the year that slams the brakes on his ambitions
2020-05-11,here the financial times talks to six business owners about how they are faring in the middle of the crisis
2020-05-11,south korea has been forced to delay reopening schools which it had planned to do this week as efforts to relax social distancing restrictions are being hamstrung by a new virus outbreak in seoul
2020-05-11,pilita clark in a locked down world the need to build connections has never been greater or more physically impossible
2020-05-11,reopening primark stores is a big test for the company which does not sell online and has had zero revenue since mid march when the last of its 375 stores closed
2020-05-11,uk foreign secretary dominic raab clarified that new workplace guidance would not come into force until wednesday after the government was accused of causing confusion over the start date for lockdown easing measures
2020-05-11,on may 12 14 top decision makers from who imf europeancentral bank and more will come together join our online event hosted with to hear how they will shape future policies in light of covid 19 at ft global boardroom register free
2020-05-11,for the millions of britons working from home during the coronavirus pandemic it may feel as though their energy use has soared and adds to their electricity bills but overall electricity demand in britain has plunged by up to a fifth
2020-05-11,what are the latest figures find out more here
2020-05-11,from head to foot covid 19 causes a fiendish variety of symptoms some of these include a cough shortness of breath and fever loss of smell and taste chilblain like sores on the toes
2020-05-11,how have corporate leaders guided their organisations through the coronavirus crisis companies from serco to mondelez reveal the lessons already learnt and what happens next
2020-05-11,the economic consequences of the coronavirus pandemic coupled with the spectacular collapse of crude prices have wrought havoc across the oil rich gulf as lockdowns strangle businesses and finance ministers cut state spending
2020-05-11,brussels will push britain to engage in detailed talks on access to uk fishing waters and other top eu priorities this week warning that the two sides negotiations on a future relationship will stall unless work on all key topics advances in parallel
2020-05-11,as parts of europe take their first steps out of lockdown fresh outbreaks have already forced governments elsewhere to tighten restrictions again
2020-05-11,nooks for books architecture critic edwin heathcote on how to create a stylish reading sanctuary at home
2020-05-11,australian companies are fretting that the vast profits they make by selling things to china could be disrupted by the worst diplomatic dispute between the nations in a generation
2020-05-11,boris johnson has set out a three stage plan to get britain back to work abandoning his stay at home message and holding out the prospect that schools and parts of the economy could start to reopen before the summer
2020-05-11,asian governments have turbocharged their issuance of dollar bonds as they seek to fortify their balance sheets and fund relief efforts during the coronavirus pandemic
2020-05-11,scotland and wales will persist with a tough stay at home message mr johnson told the cabinet that he wanted to start easing the lockdown this week
2020-05-11,wall street economists are warning that public fears of coronavirus could undermine efforts to reopen economies leaving the stock market s powerful recovery vulnerable
2020-05-11,british businesses could be saddled with as much as 105 billion of unsustainable debt due to the coronavirus lockdown
2020-05-11,a single worker at a fish factory in ghana infected 533 co workers with coronavirus in an incident that now accounts for roughly 11% of the country s total recorded infections
2020-05-11,we re going to have to live with the virus for some time and the lifting of the lockdown does not mean returning to life the way it was before france s health minister warned as businesses began to reopen in europe
2020-05-12,just published front page of the financial times international edition tuesday 12 may
2020-05-12,in the latest coronavirus business update newsletter the uk s plan to ease its lockdown has created hope but also tensions argentina is on the brink of its ninth debt default is help from central banks enough to recover the global economy
2020-05-12,my art allows me to explore more i m able to do whatever i want rolling stone guitarist on his latest paintings prints and etchings
2020-05-12,free to read economists argue that sweden is unlikely in the long term to escape the severe economic pain in the rest of europe
2020-05-12,tesla restarts production in defiance of local officials
2020-05-12,in a world filled with noise and distraction silence can be the most radical kind of music
2020-05-12,you would play cricket for free honestly over virtual lunch with the ft england cricketer moeen ali talks about finding his faith burnout and why he can t wait to get back on the pitch
2020-05-12,what do you miss most about life before the lockdown
2020-05-12,even before they got smart exercise bikes had a lot going for them space efficient great for cardio and muscle strengthening and low impact on joints here re four of the best fitness boosting indoor bikes
2020-05-12,gideon rachman the post coronavirus world is unlikely to be a hospitable environment for liberalism it s time for liberals to ditch their habitual tolerance and get ready for a fight
2020-05-12,a brisk market has sprung up for cyber security groups that use machine learning to scrutinise employees activity and proactively flag worrying behaviours
2020-05-12,just in saudi aramco reported a 25% drop in first quarter earnings as the kingdom s biggest revenue earner suffered the twin blows of an oil price collapse and a demand crunch follow our live coverage here
2020-05-12,ryanair plans to restart flying about 40% of its normal flights from july as europe s largest low cost airline tries to plot its recovery from the coronavirus pandemic
2020-05-12,as the uk sets out plans to ease the lockdown small businesses are grappling to interpret new guidance join ft personal finance editor and enterprise editor for a live video q amp a on tuesday may 12 at 12pm uk time
2020-05-12,where is the best place to host guests once the lockdown eases take a look at some of the best properties on the market
2020-05-12,the number of uk deaths during the coronavirus outbreak over and above normal levels has exceeded 50 000 official figures confirmed on tuesday
2020-05-12,just in rishi sunak the chancellor has announced plans to extend the uk government s flagship job retention scheme until the end of october
2020-05-12,almost 53m brazilians about 25% of the population live in a state of poverty with little access to education healthcare and other social services of those 13m live in extreme poverty
2020-05-12,burnout is now a serious and global problem so executive education courses are teaching leaders to better manage their own stress and that of their teams
2020-05-12,scientists are calling on the uk government to rethink its dangerous coronavirus strategy which will inevitably lead to local epidemics and further lockdowns
2020-05-12,luckin coffee has fired its chief executive and chief operating officer after new evidence revealed that $310 million worth of sales last year had been fabricated
2020-05-13,coronavirus latest brazil death rate marks it as emerging world hotspot for covid 19
2020-05-13,facebook agrees $52m settlement with us content moderators
2020-05-13,china s currency could become a casualty of a more aggressive stance by the white house over beijing s handling of the coronavirus outbreak and it could get worse ahead of november s presidential election
2020-05-13,anson chan having failed to win the hearts and minds of the majority of hongkongers beijing s repressive tactics are destined to foment the resumption of protests as the threat from covid 19 eases
2020-05-13,chancellor rishi sunak extended the uk s flagship job retention scheme until the end of october to avoid mass unemployment but critics said it could simply postpone the demise of zombie companies
2020-05-13,the uk advised those who must take public transit to work on wednesday to wear face masks and try to face away from other people
2020-05-13,an essential element of paris life had been amputated by coronavirus putting oneself on display for the gaze of others
2020-05-13,is now the time to teach your children about personal finance join lucy warwick ching ft money s digital editor for a live q amp a on wednesday may 13 at 12pm uk time
2020-05-13,what are the latest figures find out here
2020-05-13,ukrainian parliament approves law preventing previous owners of nearly 100 banks from reclaiming ownership or obtaining compensation
2020-05-13,more money flowed into companies making plant based or cell cultured meat eggs and dairy in this first quarter than in the whole of last year
2020-05-14,it will be four or five years before covid 19 is under control who s chief scientist predicted in a bleak assessment of the challenges that lie ahead
2020-05-14,in the latest coronavirus business update fed chair jay powell warns further economic stimulus will be needed it will be four or five years before covid 19 is under control who s chief scientist said
2020-05-14,just published front page of the financial times international edition thursday 14 may
2020-05-14,fed chairman jay powell says additional fiscal stimulus may be worth it to shield the us economy from long term damage due to the pandemic
2020-05-14,musk wins battle over tesla factory reopening
2020-05-14,david pilling the ugly battle for protective gear would be a sideshow compared to one over a vaccine
2020-05-14,s africa plans localised lockdowns as pressure mounts to reopen
2020-05-14,how do promises of rocket planes and ageing cures sit with our failure to stop coronavirus looks at the humbling truths about the limits of innovation through the future is faster than you think a brightly written thought provoking read
2020-05-14,japan preps ice cold face masks for summer heat
2020-05-14,chinese companies under fire as side bets on stocks turn sour
2020-05-14,opinion even before the pandemic tokyo had taken a more holistic view of corporations collective role in the national interest and in maintaining the desired contours of the world s third biggest economy
2020-05-14,cold war nuclear tests could help efforts to understand the earth s atmosphere and potentially how to modify it
2020-05-14,opinion the battle between nations over tests and personal protective gear will be a sideshow compared to the scramble over a vaccine yet if a vaccine is to be anything like the silver bullet that some imagine it will have to be available to everyone
2020-05-14,more than 135 public figures including 50 former world leaders have called for a people s vaccine against covid 19 to be patent free and made available at no cost
2020-05-14,nine in 10 australians said their own nation had handled the pandemic very well or well but just one in 10 said so of the us
2020-05-14,ft exclusive the uk has formed a task force to examine how to decontaminate medical respirator masks to allow them to be worn repeatedly already a widespread practice in the us
2020-05-14,the nhs contact tracing app a crucial part of the uk s strategy to gradually ease lockdowns risks excluding millions of people an ethics advisory board warned 21% of adults do not use a smartphone
2020-05-14,ft big read the hunt for a vaccine which experts believe to be at least 12 to 18 months away is central to restarting economies but will countries act in narrow self interest or embrace a collaborative global approach
2020-05-14,philip stephens this is not the premiership boris johnson anticipated nor is it one he looks to be enjoying
2020-05-14,edward luce spoke with dozens of officials to discover what went wrong in donald trump s first real crisis and found a president who ignored increasingly urgent intelligence warnings and dismissed anyone who claimed to know more than him
2020-05-14,surveyors expect a slow recovery after the property market fell into hibernation in april as house viewings were banned and estate agents closed as part of the efforts to limit the spread of coronavirus
2020-05-14,rt update may 13 covid19 streamgraph 7 day average falls below 5 000 us share of deaths is slowly declining as latinam
2020-05-14,it has been one of the few joys of the coronavirus crisis as threatening trucks and cars have disappeared family cycling groups have taken over once forbidding roads
2020-05-14,opinion our lives have been upended but from one corner of the globe to another we seem to be finding a common language that captures the stresses challenges and humour of this extraordinary time
2020-05-14,j crew whose fashion forward take on prep captured the american style zeitgeist in the mid 2000s has become the first significant fashion casualty of the covid 19 pandemic takes a look at its trajectory
2020-05-14,striking the right tone with staff is just one of the many challenges facing bank bosses from wall street to the city of london and hong kong s central district as they pave the way for a return to offices
2020-05-14,there are plenty of ways to break a proper sweat under house lockdown so where to begin here ft staff share their routines
2020-05-14,the ft view had donald trump pardoned michael flynn it would have been distasteful enough what has happened instead is far worse
2020-05-14,nearly 500 listed chinese groups lost a collective rmb11 2bn $1 6bn on their financial investments as the public health crisis caused china s stock market to drop along with other major bourses around the world
2020-05-14,the un s pleas for a global ceasefire during coronavirus have mostly fallen on deaf ears 10 of 43 countries responded to the call and in only two of those cases did violence significantly pause
2020-05-14,as infodemic and covid 19 enter the radar of the oxford english dictionary nilanjana roy reflects on how our responses to the pandemic are shaped by the words we use
2020-05-14,around the world bars restaurants hotels and visitor attractions are being reopened as lockdowns are gradually lifted but getting there is another matter
2020-05-14,the ft s sebastian payne explores the perilous times ahead for prime minister boris johnson as the uk begins to ease the lockdown
2020-05-14,as the lockdown ends cycling looks set to do more than helping people to pass the time here s how to start commuting by bike
2020-05-14,home buyers whose plans were put on ice under the coronavirus lockdown will see their mortgage options open up after the government announced measures to bring the property market out of limbo
2020-05-14,will the pandemic bring a wave of defaults and bankruptcies or will us government support help people who are struggling to stay afloat our us finance editor will be answering your questions about it on instagram at 3pm est 8pm bst
2020-05-15,our us finance editor is live now on instagram discussing whether the pandemic will bring a wave of defaults and bankruptcies or whether government support will help people who are struggling to stay afloat join the conversation
2020-05-15,just published front page of the financial times uk edition friday 15 may
2020-05-15,just published front page of the financial times international edition friday 15 may
2020-05-15,health and care workers are six times more likely to catch the coronavirus according to the first results from a uk population study
2020-05-15,roberto azevêdo will end his term early as head of the world trade organization in september
2020-05-15,wework slashed cash burn in first quarter
2020-05-15,taiwanese semiconductor group to build chip plant in arizona
2020-05-15,it is classy television you don t need to know a tight end from a cornerback to understand that michael hann on friday night lights a show to obsess over
2020-05-15,pnc s decision to sell its $17bn stake in blackrock the world s biggest asset manager was prompted by the bank s increasing fears over the us economy chief executive bill demchak told the financial times
2020-05-15,france has warned sanofi it would be unacceptable for any country to have priority access to a covid 19 vaccine after the drugmaker s chief suggested the us had the right to the largest pre order
2020-05-15,opinion they often enter the building armed but unchallenged nothing brings into sharper relief america s colour disparities than life and death in the great lockdown
2020-05-15,australia gears up for an end to the lockdown the beers are here and the jobs are back said michael gunner chief minister of northern territory
2020-05-15,in need of more ideas for one pot meals join chef and cookery writer margot henderson today at 12 12 30pm and 5 5 30pm uk time for a live q amp a to share tips and recipes post your thoughts in the comments below this story to get involved
2020-05-15,rt the curse of being a millennial those born in the late 80s entered employment during the last crisis and their earnings wer
2020-05-15,coronavirus latest covid 19 infections begin to rise in russia
2020-05-15,the case for the suit and tie is that done right it always feels up to date says robert armstrong none of this can be said for the pocket watch
2020-05-15,rt hello from sunny brooklyn where i have snuck out my window to sit on a small patch of concrete that doesn t belong to me we
2020-05-15,the subtext to america s reopening battle is thus racial
2020-05-15,as greece is getting ready to reopen its beaches the country could be a model on how to sunbathe in an era of social distancing
2020-05-16,rising us china tension and covid 19 outbreaks took a toll on this week s global markets find out more in the ft s markets briefing
2020-05-16,last year donald trump was demanding that the us central bank cut interest rates and push the buck lower the dollar s strength was hurting the economy he said but now he is a big fan of a strong dollar how did covid 19 change his mind
2020-05-16,us president donald trump has vowed to deliver a coronavirus vaccine by the end of the year launching a new project dubbed operation warp speed
2020-05-16,in our latest coronavirus business update newsletter america has tightened export controls targeting huawei and its us suppliers care home covid 19 deaths in england and wales could be double the official toll
2020-05-16,mexico tries to push through electricity market overhaul
2020-05-16,amazon says it will begin reopening warehouses in france
2020-05-16,addresses reveal insights into how ideas about race class identity and power have shifted across the centuries argues writer deirdre mask
2020-05-16,the encounter conjured a world so realistic that audience members turned to look for voices behind them and now it is streaming online for free
2020-05-16,what the secrets buried in an antique desk revealed about my family
2020-05-16,etf investors flock to gold and corporate bond funds
2020-05-16,eat your books is the online directory with more than two million delicious recipes and it s proving to be s cookbook haven
2020-05-16,saudi wealth fund snaps up $7 7bn of us and european blue chip stocks
2020-05-16,iran sentences french academic to six years in prison
2020-05-16,justin amash rules out third party run for us president
2020-05-17,want to hear actress tracee ellis ross talk about the garments that have helped shape her life or learn about why paul feig loves suits these are the fashion podcasts to tune into
2020-05-17,dollar liquidity measures leave some countries out in the cold
2020-05-17,egyptians face economic misery despite looser lockdown
2020-05-17,why my cookbook addiction is finally paying off
2020-05-17,for some these competitions represent a significant proportion of their annual income jancis robinson on how lockdown has impacted the wine tasting industry
2020-05-17,why the jobless surge in us is worse than in europe
2020-05-17,traditional work environments are in mortal danger office workers everywhere should stand in the street and weep at what they are losing says lucy kellaway
2020-05-17,it s asparagus season here are two delicious ways to celebrate
2020-05-17,contenders set out stalls to succeed azevêdo at helm of wto
2020-05-17,cheer spreads through us oil market as lockdowns ease
2020-05-17,first socially distanced concert a test for live music industry
2020-05-17,el salvador heads for constitutional crisis over lockdown
2020-05-17,as he releases a new album we speak to poet laureate simon armitage about why poetry is selling better than ever
2020-05-18,german police crack down on anti lockdown protesters
2020-05-18,just published front page of the financial times international edition monday may 18
2020-05-18,taiwan trial offers hope for restoring international travel
2020-05-18,japan fell into a technical recession in the first quarter for the first time since 2015 gold prices hit a seven year high and new zealand s population passed 5m as citizens returned follow our live coverage
2020-05-18,countries around the world are looking to roll out contact tracing apps but the examples of india singapore and norway among the first to do so show the apps are no silver bullet to reopening economies
2020-05-18,the who advises people to maintain at least 1 metre distance pubs say following that rule rather than the uk s two metres would allow four times more customers when they reopen
2020-05-18,more than a fifth of uk employers plan to make redundancies over the next three months according to a survey
2020-05-18,the uk is adding the loss of taste and smell to the list of official covid 19 symptoms
2020-05-18,workplaces are on the brink of some momentous bad hoc decisions on worker privacy
2020-05-18,free to read the human cost of coronavirus has continued to mount with more than 4 67m cases confirmed globally and more than 309 500 people known to have died find out the latest here
2020-05-18,investors are betting american airlines will file for bankruptcy for the second time in a decade
2020-05-18,having endured seven weeks of working from their own homes estate agents in england can finally return to other people s
2020-05-18,unless new support schemes are introduced joblessness could become entrenched in the us
2020-05-18,rana foroohar surveillance capitalism was a dirty phrase before coronavirus hit now it seems to be business as usual
2020-05-18,at a time when huge swaths of the uk economy are suffering from the coronavirus downturn one sector is having a relatively good crisis renewable energy
2020-05-18,ft big read ursula von der leyen is planning an audacious bid for new powers putting the european commission at the centre of efforts to revive the eu economy
2020-05-18,up to a third of global fashion players might not survive the crisis and the impact is being felt all along the $2 5tn industry s complex supply chains hitting places where companies and employees cannot always access government funded emergency support
2020-05-18,federal reserve chair jay powell has warned that a full us economic recovery may take until the end of next year and may require a covid 19 vaccine
2020-05-18,nearly half of uk workers said the lockdown here had made them appreciate their family or household more the jobs website indeed reported last week
2020-05-18,the elite us special operations forces are ill equipped for high tech warfare with china and russia experts warn as the trump administration pivots from the war on terror to a struggle with geopolitical rivals
2020-05-18,the first us covid 19 vaccine trial has shown positive results with moderna s potential vaccine boosting the immune system s of participants to the same or higher levels of protection as patients who have recovered from the disease
2020-05-18,just in uber has announced it will cut 3 000 more jobs and close a number of offices around the world
2020-05-19,how will we pay the fiscal bill for the pandemic
2020-05-19,taiwan fears uptick in military threat from china in wake of coronavirus
2020-05-19,just in donald trump has threatened to withdraw from the who unless it demonstrates independence from china follow our live coronavirus coverage here
2020-05-19,ft exclusive the us is preparing to publicly disassociate itself from language in a who resolution that will back the right of poor countries to ignore patents on a covid 19 vaccine or treatment
2020-05-19,gideon rachman the eu cannot be built in opposition to its member states least of all germany the club can survive brexit but without germany there would be no eu
2020-05-19,the pandemic could be deterring japanese couples from parenthood compounding already severe demographic and economic challenges
2020-05-19,industry executives and analysts predicted that washington s effort to cut huawei off from computer chips will have a wider impact on supply chains setting up a technological cold war
2020-05-19,donald trump has threatened to permanently freeze us funding to the world health organization and withdraw from the global health body unless it demonstrates independence from china
2020-05-19,companies that can work virtually must step up and prevent this generation from paying a disproportionate price brooke masters writes
2020-05-19,stocks open higher across europe following signs of a strong fiscal response to the coronavirus pandemic
2020-05-19,opinion there is confusion and suspicion about how scientific advice feeds into policy how those policies are presented to the public and who is accountable for them anjana ahuja on the uk s covid 19 policy
2020-05-19,pay gap and low female representation persists in london s insurance market
2020-05-19,architecture and design that emphasises hygiene could make hand washing a more communal enjoyable experience
2020-05-19,rt when you think about how much public health and scientific expertise the uk has it is astonishing its response to covid19uk
2020-05-19,the mba market was troubled before the pandemic struck but the recent forced campus closures and mass digitisation of mba course teaching has heightened the sense of crisis
2020-05-19,martin wolf the economic impact of covid 19 is different from that of a war wars restructure economies and destroy physical capital coronavirus immediate impact looks strongly deflationary high unemployment and precautionary saving and low spending
2020-05-19,germany and france are encountering resistance from a group of northern european states to the new 500bn eu recovery fund they outlined on monday here we explain what s at stake how the plan will work in practice and what the sticking points are
2020-05-20,up to 60 million people will be pushed into extreme poverty by the consequences of the coronavirus crisis the world bank warned
2020-05-20,just published front page of the financial times uk edition wednesday 20 may
2020-05-20,just published front page of the financial times international edition wednesday 20 may
2020-05-20,breaking news johnson amp johnson will stop selling its talcum based baby powder in the us and canada where sales have dropped by 60% in the past three years after being hit with thousands of lawsuits
2020-05-20,the uk economy may not immediately bounce back from the coronavirus crisis and it could suffer permanent scarring chancellor rishi sunak warned
2020-05-20,court case threatens to shake up $100bn in chinese dollar bonds
2020-05-20,opinion in japan s kagawa prefecture greying parliamentarians passed a rule to ban minors from more than an hour a day of screen time not so fast says one 17 year old gamer and a tenacious lawyer
2020-05-20,martin wolf the economic impact of covid 19 is different from that of a war which restructures economies and destroys physical capital coronavirus has shrunk economies suppressing both supply and demand
2020-05-20,nasdaq is tightening listings requirements as it pushes to delist scandal hit luckin coffee but few expect the tech focused exchange s new rules to seriously cut down on the number of chinese ipos in the us many of which have struggled in public markets
2020-05-20,denmark finland and norway are debating a regional travel bubble but sweden s high coronavirus death toll is giving its nordic neighbours pause
2020-05-20,just in rolls royce will cut nearly a fifth of its workforce its biggest single reduction in 30 years as it prepares for a prolonged demand hit to the aviation industry
2020-05-20,free to read ft big read as uncertain carmakers reopen plants there may be a glimmer of hope sales are rebounding china faster than any in the industry dared to predict as commuters shun public transport over health concerns
2020-05-20,brazil india indonesia mexico russia and south africa account for more than a quarter of the global population supply the world with crucial exports and are under great pressure to return to normal life despite rising coronavirus cases
2020-05-20,in india the government imposed one of the most restrictive lockdowns weeks later despite having more covid 19 cases than china it wants to ease the policy as it sees an opportunity to attract investments from companies seeking to move away from china
2020-05-20,in indonesia the government said that the pandemic had put 2m people out of work and removed the gains made in reducing poverty achieved over the past decade the goal is to reopen in late july or early august
2020-05-20,another example is brazil where the right wing president has labelled the pandemic a neurosis and has pushed state governors to lift lockdowns he has never supported the country is now the epicentre of the pandemic in south america
2020-05-20,sweden has the highest mortality rate per capita at this stage of the epidemic according to a financial times tracker it has overtaken the uk italy and belgium in recent days
2020-05-20,the multimillionaire founder of uk discount retailer matalan is suing pwc over claims the big four accounting firm gave him bad advice on how to avoid paying taxes when he moved from england to monaco
2020-05-20,hello new york while you were sleeping this was one of our most read stories
2020-05-20,wales stuck with england on brexit in a way scotland and northern ireland didn t said matt cole political historian at the university of birmingham but he added on the management of covid 19 they have broken ranks
2020-05-20,read our profile of mike taylor the man accused of helping former nissan chief carlos ghosn flee from japan last year who was arrested on wednesday by us authorities
2020-05-20,opinion unemployment is soaring and growth stuttering as china faces the drastic consequences of the coronavirus pandemic with numbers even worse than the 2008 financial crisis so why is the communist party not worried about a possible revolution
2020-05-20,is covid 19 setting us back on gender equality our us banking editor wants to hear from you has the crisis made you reconsider being in a two income household how has it impacted your childcare situation email her at laura noonan com with your stories
2020-05-20,opinion governments cannot spend what they do not have ramping up debt should be limited where possible taxing those who have largely avoided contributing to the public purse is an easy win technology companies should be first in line
2020-05-20,as france looks to restart its economy one option would be to make people work more to compensate for the self imposed pause which is generating a lot of debate in the country
2020-05-20,tokyoites are not letting coronavirus change their minimalist summer style writes
2020-05-20,volkswagen apologised for running a racist instagram advert as part of a campaign to promote its new golf model
2020-05-21,denmark plans to build two giant energy islands as part of the world s most ambitious offshore wind project which will cost up to 37 billion
2020-05-21,just published front page of the financial times uk edition thursday 21 may
2020-05-21,some countries are lifting lockdowns despite a surge in covid 19 cases
2020-05-21,the uk government has accepted that primary schools in england may not open to more pupils on june 1
2020-05-21,just published front page of the financial times international edition thursday 21 may
2020-05-21,the trump administration has set a $200bn fundraising goal for fannie mae and freddie mac to return to private control
2020-05-21,greece will reopen on june 15 to tourists from a group of 20 countries with a good track record of containing the coronavirus epidemic
2020-05-21,the decision on when and how to ease lockdowns is the unenviable task facing policymakers as they consider the trade off between the health of their citizens and the health of their economies
2020-05-21,business education meets medicine as clinicians with leadership and management training tap their expertise to better manage staff and processes through the coronavirus pandemic
2020-05-21,us health agency director warns of virus flare up later this year
2020-05-21,the us senate bill passed on wednesday would affect chinese entities because it requires all companies to disclose if they are controlled by a foreign government
2020-05-21,ft exclusive the director of the us centers for disease control and prevention warned that another public health crisis could be looming as seasonal flu coincides with a second wave of covid 19
2020-05-21,victor orban is now the longest serving leader in the eu after german chancellor angela merkel his decade long tenure already looks to have a far reaching legacy transforming hungarian society at the roots
2020-05-21,france s economic downturn eased in may as the country relaxed some of its restrictions but the fall in services and manufacturing activity remained severe and pointed to a colossal economic contraction in the second quarter
2020-05-21,rt read the on coronavirus responsible capitalism and more visit
2020-05-21,just in another 2 4m americans applied for unemployment benefits last week bringing the total number of first time applications to 38 6m since the coronavirus pandemic hit the world s largest economy nine weeks ago
2020-05-21,if trump says one thing before breakfast and the opposite afterwards mike pompeo keeps step few others have proven so adept edward luce writes
2020-05-21,the bankruptcy of a powerful state conglomerate has threatened to shake up about $100bn of debt issued by chinese companies in a development that is being closely watched by investors in the country s dollar bond markets
2020-05-21,chancellor merkel deserves praise for her bravery in putting the proposal forward with president macron but there are still more difficult decisions to make
2020-05-21,the government must act more aggressively to stop the economy from sliding this belief has gained a strong following from chinese business as china grapples with the economic fallout from the pandemic and renewed trade tensions with the us
2020-05-21,memories from the last global crisis still linger the public sector is doing what it can to help prevent another banking crisis from happening again shareholders have both an interest and an obligation to do the same
2020-05-21,americans have been splashing out on goods from children s toys to exercise bikes even as the economy falls into a recession
2020-05-21,a historic breakthrough a hamiltonian moment a very deep transformation political leaders and analysts have reached for momentous analogies to describe the 500bn european coronavirus recovery fund proposed by france and germany this week
2020-05-21,volatility in cryptocurrency prices causes big losses for highly leveraged funds
2020-05-21,china is preparing to impose national security legislation on hong kong in a move likely to reignite the territory s pro democracy movement and exacerbate tensions between the country and the us
2020-05-21,another 2 4m americans applied for unemployment benefits last week bringing the total number of first time applications to 38 6m since the pandemic hit the us but beyond the headline figures there is a lot we can learn about america s newly unemployed
2020-05-21,the white house and congress in march agreed to a $2 2tn stimulus package that was partly designed to help struggling families cope with lost income due to the pandemic but many states are failing to keep pace with the demand and payments are delayed
2020-05-21,martin wolf only lunatics or fanatics would consider ending a post brexit transition without a deal at the end of this year how did it happen that the once sensible uk is being governed by people like this
2020-05-21,as a growing number of britons are being encouraged to return to work or school many health experts politicians and officials remain doubtful the country can deliver a workable system to identify and contain spikes of infection
2020-05-22,opinion mexico has begun easing restrictions after two months of quarantine but the government has admitted that it doesn t know the total number of covid 19 deaths and that it is sticking by its technical decision to conduct only limited testing
2020-05-22,more than 100 000 people in brazil are likely to die from covid 19 public health experts warned as the country emerges as a top global coronavirus hotspot
2020-05-22,the us is to pull out of the open skies treaty after accusing russia of violating the defence pact
2020-05-22,facebook is planning to shift towards a more remote workforce after chief executive mark zuckerberg announced that the 45 000 employee social media company was aggressively opening up remote hiring
2020-05-22,hungary s prime minister viktor orban has been in power for more than a decade and his cultural era has transformed society but what might it mean for hungary s democracy
2020-05-22,china dropped its gdp target for the first time japan moved back into deflation and donald trump declined to wear a face mask while touring ford s mask factory follow our live coverage here
2020-05-22,it is the saddest day in hong kong history said tanya chan a pro democracy lawmaker in the territory
2020-05-22,chinese search giant baidu is considering its options over its nasdaq listing as us lawmakers consider tighter rules on chinese companies trading in new york
2020-05-22,coronavirus is not under control in much of the us according to imperial college london scientists who warn that relaxing lockdowns could result in a surge in deaths
2020-05-22,china s annual rubber stamp parliament has abandoned setting a gdp target for the first time as the country faces its most severe economic downturn since the 1970s in the wake of coronavirus
2020-05-22,hong kong s hang seng index skidded as much as 5 7% on friday on track for its worst one day performance in nearly five years as traders were blindsided by beijing s announcement of a national security law
2020-05-22,the pandemic has spurred a minor religious renaissance with remote services such as drive through confessions springing up across the us sometimes i feel like dunkin donuts there s such a long line
2020-05-22,argentina extends the deadline on an offer to restructure $65bn of foreign debt as the government and investors wrangle over a deal
2020-05-22,many religious institutions have faced criticism for scandals and falling attendances but amid the coronavirus crisis more and more people are searching for the divine
2020-05-22,what is that wine i ask andrés swills the glass sniffs it and holds it up to the light then he takes a sip i think it s white he pronounces ed luce has a virtual lunch with the ft with chef
2020-05-22,rt we asked ft friends and public figures what they dream of doing after lockdown including
2020-05-23,just published front page of ft weekend international edition saturday 23 may
2020-05-23,the biggest beneficiary from this period of unprecedented change is undoubtedly big tech microsoft apple amazon alphabet and facebook have now had a cool $1 7tn added to their combined market cap since the low point in march
2020-05-23,home secretary priti patel has announced strict new quarantine rules for those who are visiting the uk
2020-05-23,us oil production has fallen much more quickly than expected forcing analysts to scale back output projections
2020-05-23,hertz prepares to file for bankruptcy
2020-05-23,virgin sells $366m stake in galactic space business
2020-05-23,each one does what they know how to do best that way it generates less tension and we do it faster we look at how families are coping with domestic chores during lockdown plus how to keep a five star home with the head housekeeper of brown s hotel
2020-05-23,christine lagarde wants to hug her baby grandson edward enninful misses his sister s sunday roast here s what ft friends and public figures told us they are dreaming of doing after restrictions ease
2020-05-23,the outspoken dc chef and food philanthropist josé andrés has virtual lunch with the ft on the menu the threats to global food supplies donald trump and why he thinks restaurants will rebound
2020-05-23,fed on hold to assess scale of pandemic trauma
2020-05-23,uk court orders anil ambani to pay $717m to chinese banks
2020-05-23,penny pinching consumers could spell trouble for recovery
2020-05-23,much of the slump in us consumer spending during the coronavirus pandemic has been accompanied not by declining personal incomes but by a surge in savings will that be reversed when lockdowns are eased
2020-05-23,sánchez says spain will reopen to foreign tourists from july
2020-05-23,eu frugal four present rival coronavirus recovery fund plan
2020-05-23,in many parts of the globe the art world is cautiously getting back up and running and announcements of gallery reopenings are coming thick and fast but not so in britain
2020-05-24,a once in a lifetime helicopter safari in chad s desert heart
2020-05-24,coronavirus latest us daily toll recedes towards 1 100 in encouraging trend
2020-05-24,prices for prime country homes in ireland are up to 60 per cent cheaper than they were before the financial crisis of 2008
2020-05-24,arundhati roy after the lockdown we need a reckoning
2020-05-24,russia s small businesses despair in lockdown gloom
2020-05-24,with much of the world still in lockdown we are asking writers to travel in their imaginations to places they love and long to revisit this week tim moore yearns for his caribbean motherland
2020-05-24,the window hints at escape or else lights up the lives taking place indoors writes ariella budick it frames and distracts intimates a distant landscape and intensifies a sense of enclosure now more than ever bonnard s work speaks to her
2020-05-24,investors see uncertain future in mexico
2020-05-24,my paris the marais under lockdown
2020-05-24,china is playing eu countries off against each other
2020-05-24,trump has a point about who flaws says germany s health minister
2020-05-24,syria s children go to bed hungry as prices soar
2020-05-25,just published front page of the financial times international edition monday 25 may
2020-05-25,is cabin air safe when can uk rentals reopen will my croatian sailing trip go ahead the ft s travel editor answers your questions
2020-05-25,small time investing fuels real world consequences
2020-05-25,boris johnson s defence of dominic cummings provokes furious backlash
2020-05-25,ramadan surge in fried chicken orders helps asia s tech unicorns
2020-05-25,companies ditch commercial paper to lock in longer term debt
2020-05-25,coronavirus crisis provides fertile ground for online fraudsters
2020-05-25,rt hong kong stocks dropping again amid swirling concerns about the new national security law is it just going to be a sword
2020-05-25,cvc scrums down for rugby shake up after securing pro14 deal
2020-05-25,more than 200 people so far have contributed personal written and visual testimonies to build a picture of what british homes look like during lockdown
2020-05-25,boris johnson faces cabinet unrest over defence of dominic cummings
2020-05-25,vw defeated in landmark dieselgate case brought by van buyer
2020-05-26,sanofi to slash $12bn stake in us biotech regeneron
2020-05-26,just published front page of the financial times uk edition tuesday 26 may
2020-05-26,virgin orbit rocket fails on first airborne test
2020-05-26,the us has brought forward a travel ban on brazil singapore slashed its gdp forecast to as low as minus 7% and seoul has made face masks compulsory on public transit follow our live coverage here
2020-05-26,donald trump s attack on north carolina s democratic governor reveals his agitation that one of his biggest opportunities to make his case for re election could be upended by the pandemic
2020-05-26,ft exclusive hsbc s board is set to deepen the biggest restructuring in the bank s 155 year history after deciding that the coronavirus crisis required more drastic measures
2020-05-26,french fries or british fat cut chips daniel garrahan is feeling nostalgic about childhood trips to the chippy so food writer tim hayward shows him his favourite way to fry and serve the humble potato a chip shop style chip butty
2020-05-26,dominic cummings boris johnson s most influential aide said he did not regret his actions after being accused of breaching lockdown restrictions in taking a 264 mile journey to north east england
2020-05-26,thais sometimes speak of the five families that control much of their economy prime minister prayuth chan ocha is asking them to do more to ease the impact of coronavirus which has wiped out the tourism sector
2020-05-26,rt my worries for our neighbourhood are luxury problems but then parisian life is a kind of luxury problem re
2020-05-26,eu japan summit highlights a changing world order
2020-05-26,the crisis is testing the resilience of the g in the esg triad of environmental social and governance responsibilities andrew hill on the impact of the coronavirus pandemic on boards
2020-05-26,if you thought 2008 was coming an executive at one of carlyle s rivals confided last autumn you probably wouldn t look at a single deal we re doing mark vandevelde analyses the legal row that has become a financial flashpoint of the current crisis
2020-05-26,since the start of the coronavirus pandemic the two questions i ve been asked most frequently are whether it is safe to run outdoors and whether a face mask should be worn while running globetrotter on running during a pandemic
2020-05-26,the uk must take the lead in standing up for hong kong writes chris patten the last british governor of the territory we have a political and moral obligation to do so
2020-05-26,housework wars who is cleaning up the mess during lockdown
2020-05-26,we have to face the hard reality we re not going to have a v shaped recovery says randall kroszner of the chicago booth school of business and a former federal reserve governor
2020-05-26,josé andrés i believe a force for good will take over
2020-05-26,china s securities regulator has hit back at a proposal by washington that could effectively force companies from the country to delist from us stock exchanges saying such a move would weaken confidence in american markets
2020-05-26,yasir al rumayyan governor of saudi arabia s sovereign wealth fund you don t want to waste a crisis so for us definitely we are looking into any opportunities
2020-05-26,small groups have to meet often otherwise they lose their glue says robin dunbar evolutionary psychologist if forced to meet online it s very easy for one member to drift out of the virtual backdoor and lose perspective or focus
2020-05-26,the past 30 years have been a great age for large advanced global cities now suddenly feel vulnerable madrid paris and london were among the areas hardest hit by coronavirus yet it could also lead to the development of more dynamic urban economies
2020-05-26,will lockdown permanently change the way we shop
2020-05-26,when we had a global financial crisis in 2008 sars or the september 11 2001 attacks they took out certain segments of our market but this pandemic has taken out everything says david hammon a director of hammons holdings
2020-05-26,brazil reported the world s highest daily number of coronavirus deaths it s the first time any country has reported more deaths than the us since the end of march
2020-05-26,the s amp p 500 rose above 3 000 points for the first time since march adding as much as 2 1% in morning trading on wall street
2020-05-26,a chinese state television network has broken uk broadcasting rules on impartiality with the media regulator finding serious failure in compliance in its coverage of hong kong pro democracy protests
2020-05-26,the us military has accused russia of deploying fighter jets to libya to support renegade general khalifa haftar
2020-05-26,traders are required to wear masks observe distancing rules and avoid public transport
2020-05-27,just published front page of the financial times uk edition wednesday 27 may
2020-05-27,just published front page of the financial times international edition wednesday 27 may
2020-05-27,what is china s proposed national security law for hong kong
2020-05-27,coronavirus latest google to reopen offices to 10% of staff
2020-05-27,how china s tensions could boost hong kong s exchange
2020-05-27,leadership lessons how swedish telecoms pioneer and ceo of us group verizon is spending to create jobs as demand for data services rises
2020-05-27,global stock rally falters as hong kong braces for protests
2020-05-27,the uk has suffered almost 60 000 more deaths than usual since coronavirus struck in mid march according to official figures
2020-05-27,free to read britain needs to have a relationship with china to deal with global problems including covid 19 writes chris patten the last british governor of hong kong but we cannot trust xi jinping s regime
2020-05-27,cratering relations between china and the us have left global businesses confronting lose lose propositions writes robert armstrong
2020-05-27,astrazeneca has delivered one of the most striking turnrounds in pharmaceuticals with its blockbuster cancer drugs now it s partnering with oxford university s world renowned jenner institute on a potential coroanvirus vaccine
2020-05-27,according to new analysis confidence in the $64 1bn international art market has dropped 85% since last september plus all the latest art market news from
2020-05-27,free to read denmark was one of the first european countries to close down its public spaces to stem the spread of coronavirus shutting its borders schools and restaurants in mid march its swift response seems to have paid off
2020-05-27,demonstrators chanted hong kong independence the only way out and taunted police as officers pursued them through lunchtime crowds and past luxury shops
2020-05-27,atm transaction volumes fell as much as 62% year on year at the start of the uk lockdown according to data from link which runs the uk s cash machine network
2020-05-27,what is the latest poland is to reopen fitness clubs swimming pools and cinemas france has ended the use of the drug hydroxychloroquine for treating covid 19 patients britons on lower incomes have increased their time in paid work during lockdown
2020-05-27,research by property website zoopla found 41% of would be home movers across britain had stepped back from their property plans in light of market uncertainty loss of income and lower confidence in their future finances
2020-05-27,while many concert halls are likely to remain closed for months some venues are showing a possible way forward
2020-05-27,opinion with just 441 confirmed covid 19 cases taiwan has been regarded as a model for public health governance its donations of surgical masks has earned it public thanks from nations that normally avoid mentioning the word taiwan for fear of china
2020-05-27,renault nissan and mitsubishi have torn up their decades old strategy built by carlos ghosn to force rival teams to work together in an attempt to slash costs and preserve an alliance hit hard by the coronavirus pandemic here s the new approach
2020-05-27,opinion it is well known that asymptomatic people can spread coronavirus to dozens sometimes hundreds of others to beat covid 19 governments will have to find them and make sure they are quarantined
2020-05-27,rt it is no longer all about chilling on an inflatable with a built in drinks tray here s how to create the perfect pool for
2020-05-27,china s proposed security law triggers protests in hong kong
2020-05-28,bill ackman has dumped his stake in berkshire hathaway saying his hedge fund can be much more nimble than warren buffett s conglomerate
2020-05-28,just published front page of the financial times international edition thursday 28 may
2020-05-28,the uk government has set its eyes on thursday for launching a test and trace system designed to identify and isolate britons infected with the coronavirus
2020-05-28,mexico s gdp could plunge by almost 9% this year with the loss of 1 4m jobs the central bank said in a gloomy first quarter report
2020-05-28,larry kramer aids activist dies at age 84
2020-05-28,what is the future of live gigs the ft s pop music critic predicts a trend towards luxury concert going balanced by a rise in cheaper unlicensed events
2020-05-28,coronavirus latest us death toll rises to above 100 000
2020-05-28,wework factions head for showdown over director appointments
2020-05-28,opinion with just 441 confirmed covid 19 cases and seven deaths taiwan has been lauded as a model for public health but it remains plagued by political isolation
2020-05-28,merck is launching its coronavirus treatment effort with an error catastrophe pill that is designed to force viruses to mutate until they self destruct
2020-05-28,opinion ethiopia has thus far avoided the worst of the coronavirus pandemic the uk with a little over half ethiopia s population has recorded about 6 000 times more deaths
2020-05-28,unlike many epidemics covid 19 doesn t represent an existential threat to the survival of our species but other threats do and how we respond to coronavirus could usher in an era of global co operation
2020-05-28,if dominic cummings had wanted to turn the tide of public opinion at his monday press conference he might have begun by wearing a suit
2020-05-28,the timing of lockdowns relative to the spread of the virus had a significant effect on the total level of excess deaths the data shows countries such as germany and norway which both acted quickly suffered lower levels of deaths than those in the uk
2020-05-28,unlike other hard hit countries there was a large rise in the excess death rate across all parts of the uk with london reporting by far the biggest jump
2020-05-28,read more on the ft s exclusive analysis by and for free here
2020-05-28,insurers say the pandemic will be one of the most expensive events in the history of their industry potentially costing them more than $200bn
2020-05-28,rt trump claims his opponents are trying to steal the election i cannot find a single example in any country including th
2020-05-28,do campaigners worry the coronavirus crisis is about to make age discrimination far worse hugely says ros altmann a former uk pensions minister
2020-05-28,for the moment at least ethiopia seems to be winning
2020-05-28,just in dominic cummings the uk prime minister s chief adviser may have committed a minor breach of the regulations when he drove 26 miles to a beauty spot in the northeast of england durham police has said
2020-05-28,the us claim that hong kong is no longer autonomous from china is the most striking western political response to beijing s plan to impose a security law on the territory but what are the practical implications for business and finance
2020-05-28,it was one thing for mr trump to defeat hillary clinton then america s most polarising figure it would be another for him to beat the generally liked joe biden the president having long since surpassed mrs clinton s divisiveness edward luce writes
2020-05-28,the budget carrier easyjet will begin an employee consultation process in coming days on its proposals to reduce staff numbers by up to 30%
2020-05-28,could the current pandemic represent the beginning not of a dismal era of chronic worldwide danger but of a bright era of worldwide co operation
2020-05-28,beijing s decision last week to impose national security legislation on hong kong reignited street protests sparked international condemnation and raised questions about the rule of law in the territory what does this law mean for hong kong
2020-05-28,the us no longer considers hong kong autonomous from china a decision that threatens to end the special trade status washington has granted the territory and risks raising tensions with china
2020-05-28,spacex was set to become the first private company to lift humans into orbit on wednesday with less than 17 minutes left on the countdown a storm forced the historic launch to be suspended
2020-05-28,uk regulators have asked all coronavirus antibody test providers that use a blood sample taken with a finger prick to halt operations as doubts persist over their accuracy
2020-05-28,washington has declared it no longer considers hong kong autonomous from china a decision that could presage the end of the asian financial hub s special trade status with the us
2020-05-28,philip stephens the eu simply cannot offer the deal boris johnson wants it can dress up its offer on trade access and reduce its demands on fisheries but it cannot bend its rules out of shape
2020-05-28,our relationship with influencers has changed how coronavirus sparked a backlash against those who promote themselves and products online
2020-05-28,the premier league is set to restart its season next month as it seeks to prevent more than 500m in losses at england s top football clubs
2020-05-29,jared diamond if the pandemic does at last prepare us to deal with the existential threats the world faces such as nuclear war and climate change there may be a silver lining to the virus s black cloud
2020-05-29,boris johnson dramatically tried to shut down a debate on the behaviour of his aide dominic cummings saying that it would be wrong for his chief scientific and medical experts to give their opinions on a political matter
2020-05-29,boris johnson confirmed plans for a phased reopening of the retail industry and schools in england which will allow groups of up to 6 people to meet outdoors
2020-05-29,just published front page of the financial times uk edition friday may 29
2020-05-29,us oil imports surged last week with almost half of the extra crude arriving from saudi arabia
2020-05-29,us president donald trump has ordered a wide ranging review of the law that underpins how social media companies operate days after a bitter spat with twitter
2020-05-29,hello hong kong while you were sleeping our analysis of the uk s coronavirus excess death rate was our most read story it s free to read here
2020-05-29,federal reserve adds just $1bn of new corporate debt to balance sheet
2020-05-29,who reviews china based news anchor s global ambassador role
2020-05-29,ft exclusive the world health organization has launched an internal review into the role of james chau a news anchor and celebrity ambassador who was involved in the broadcast of an allegedly forced confession on chinese state television
2020-05-29,the uk economy is showing tentative signs of improvement an ft analysis finds with job vacancies starting to reopen household spending contracting less sharply and companies returning to business
2020-05-29,opinion why has boris johnson stood by dominic cummings at the expense of his own popularity sarah sands editor of the today programme on bbc radio 4 and a former colleague at the daily telegraph has some insights
2020-05-29,rt apple accused of competition abuse over tracking apps
2020-05-29,crises often expose faultlines that we know exist but prefer to ignore ft innovation editor john thornhill says we should go long on the collective power of human ingenuity
2020-05-29,us china tensions continue to rise as beijing threatens countermeasures
2020-05-29,the 62 storey tower with 1 4m sq ft of space is still scheduled to open later this year will london s newest skyscraper become a relic of a bygone age
2020-05-29,across the world the economic fallout from the coronavirus crisis is disproportionately hitting young people courtney weaver explores covid 19 s impact on graduates
2020-05-29,opinion at least 1m people in britain are estimated to have lost their jobs since march dominic cummings is not one of them that s all you need to know about this week in british politics
2020-05-30,donald trump s battle with twitter escalated after the social media network hid one of his tweets behind a label explaining it had violated the twitter rules about glorifying violence
2020-05-30,additionally mr trump is withdrawing the us from the world health organization and will redirect funding to deserving urgent global public health needs
2020-05-30,just published front page of the financial times uk edition saturday may 30
2020-05-30,in our latest coronavirus business update newsletter us household spending suffered its biggest ever monthly fall in april india s economy slowed in the first quarter to its lowest rate in 10 years
2020-05-30,retailers banks and cafés are grappling with a very british problem whether shoppers can be relied on to queue patiently when high streets finally begin to emerge from hibernation over the next few weeks
2020-05-30,a broken piece of jade the turbulent future of hong kong
2020-05-30,conservatives weigh long term cost of cummings controversy
2020-05-30,ft critics pick the best of what s available this week including a cosmic comedy and a detective noir drama
2020-05-30,average places will not cut it anymore expectations will be raised hear what industry experts say about what the crisis means for restaurants
2020-05-30,trump declaration to terminate who relationship puzzles experts
2020-05-30,how to reinvent the restaurant
2020-05-30,italy s ruling coalition debates bid for borsa italiana
2020-05-30,people are by nature friendly beings in davos you don t meet evil crazies says author and historian rutger bregman i find that uncomfortable he joins for a virtual lunch with the ft
2020-05-30,live q amp a what is the future of restaurants
2020-05-30,atlantia eyes sale of stake in autostrade
2020-05-30,small signs of life return to us economy
2020-05-30,the ultimate socially distanced holiday summer on a superyacht
2020-05-30,when something s good you never get tired of it the trench coat is back and here are some of its most ardent admirers
2020-05-30,let s turn our rural fantasies into reality
2020-05-31,have you always wanted to be able to cut flowers from your own garden to bring indoors then you might want to read s tips
2020-05-31,where do you wish you were right now for it s a mostly overlooked corner of old tokyo that still has the capacity to transport the willing visitor to another time and place
2020-05-31,trump vows to invite russia to september g7 summit
2020-05-31,the coronavirus lockdown has focused minds on how wealth will be passed to the next generation ft money looks at the kinds of practical considerations wealthy families are discussing
2020-05-31,the woman who revolutionised home made ice cream
2020-05-31,why we re about to learn if we are really in the a team
2020-05-31,has the investment industry learnt from the woodford scandal
2020-05-31,genocide arrest has revived war criminals hunt says prosecutor
2020-05-31,sweet refreshing watermelon flesh invites the company of all manner of flavours and is especially good with something salty here s ravinder bhogal s recipe for hot and sour watermelon salad
2020-05-31,the effects of covid 19 could deepen secular stagnation
2020-05-31,citi warns markets are out of step with grim reality
2020-05-31,shakespeare s globe should be buzzing right now instead like all our theatres it lies silent more distressing still is the recent disclosure that it might stay so
2020-05-31,should you carry on working more productively from home or join the team heroically heading back into the office and if you do would you bag a desk near the boss s toilet
2020-05-31,us pension plans warned they will run out of money by 2028
2020-05-31,want to move out of the city but not stray too far ft staff share their tips on the best rural escapes near to london new york berlin and hong kong
2020-05-31,europe cannot fudge its way to a federal future
2020-05-31,us cities torn by violent protests over floyd killing
2020-06-01,if the world joins to solve the crisis against heavy odds writes jared diamond our current pandemic might thus represent the beginning of a bright era of worldwide co operation
2020-06-01,just published front page of the financial times uk edition monday june 1
2020-06-01,emirates cuts jobs as coronavirus hammers aviation
2020-06-01,permian gas pollution halves in upside of oil crash
